device_id,timestamp,accel_stddev,gyro_stddev,bpm,activity,timestamp_readable,activity_label
ESP32_001,0,0.03496714153011232,0.045316932505533286,69.65262807032524,DUDUK,1970-01-01 00:00:00,0
ESP32_001,2000,0.03542560043585965,0.011734395106844042,73.57123666297637,DUDUK,1970-01-01 00:00:02,0
ESP32_001,4000,0.020919759244787887,0.05135056409375848,66.24503211288848,DUDUK,1970-01-01 00:00:04,0
ESP32_001,6000,0.03375698018345672,0.08704556369017877,65.89578175014489,DUDUK,1970-01-01 00:00:06,0
ESP32_001,8000,0.03208863595004755,0.0647693315999082,64.60739004816287,DUDUK,1970-01-01 00:00:08,0
ESP32_001,10000,0.022801557916052914,0.014739196892745325,75.05838144420434,DUDUK,1970-01-01 00:00:10,0
ESP32_001,12000,0.04030999522495951,0.05662526862807128,66.46832512996986,DUDUK,1970-01-01 00:00:12,0
ESP32_001,14000,0.01803793375919329,0.07007065795784048,79.69018283232984,DUDUK,1970-01-01 00:00:14,0
ESP32_001,16000,0.029641739608900482,0.051740941364763426,70.90164056081244,DUDUK,1970-01-01 00:00:16,0
ESP32_001,18000,0.033571125715117466,0.03996485912830927,74.56633716556678,DUDUK,1970-01-01 00:00:18,0
ESP32_001,20000,0.0309707754934804,0.04215783693735685,72.02556728321231,DUDUK,1970-01-01 00:00:20,0
ESP32_001,22000,0.02765412866624853,0.03395445461556762,72.8728890641592,DUDUK,1970-01-01 00:00:22,0
ESP32_001,24000,0.032575503907227646,0.05120460419882053,71.82644115147379,DUDUK,1970-01-01 00:00:24,0
ESP32_001,26000,0.01831321962380468,0.03181225090410522,82.95227812904989,DUDUK,1970-01-01 00:00:26,0
ESP32_001,28000,0.020094636748693114,0.01898673137867735,67.40287882883098,DUDUK,1970-01-01 00:00:28,0
ESP32_001,30000,0.045499344050175396,0.0253827136713209,72.92316929266153,DUDUK,1970-01-01 00:00:30,0
ESP32_001,32000,0.03259882794248423,0.06043883131233796,68.59987639210755,DUDUK,1970-01-01 00:00:32,0
ESP32_001,34000,0.032322536971610034,0.05947665841823575,75.93542301871226,DUDUK,1970-01-01 00:00:34,0
ESP32_001,36000,0.04158595579007404,0.0664412031998898,67.55242785187238,DUDUK,1970-01-01 00:00:36,0
ESP32_001,38000,0.021841897150345617,0.06654366498072048,85.6008458329481,DUDUK,1970-01-01 00:00:38,0
ESP32_001,40000,0.03625667347765006,0.045530744293482986,67.76603140965797,DUDUK,1970-01-01 00:00:40,0
ESP32_001,42000,0.014851527753141353,0.025085224425760243,72.76862552972764,DUDUK,1970-01-01 00:00:42,0
ESP32_001,44000,0.030582087184459997,0.07166102486350555,74.5751763360433,DUDUK,1970-01-01 00:00:44,0
ESP32_001,46000,0.035137859509122085,0.07271131280361198,75.79484610246634,DUDUK,1970-01-01 00:00:46,0
ESP32_001,48000,0.022271747854624283,0.09629317133347018,69.64034067105283,DUDUK,1970-01-01 00:00:48,0
ESP32_001,50000,0.04088950596967366,0.06359195497869352,68.74199826197092,DUDUK,1970-01-01 00:00:50,0
ESP32_001,52000,0.05143944089325325,0.03676427070463224,74.52493639490228,DUDUK,1970-01-01 00:00:52,0
ESP32_001,54000,0.038657551941701215,0.03693341534852576,76.58930973527389,DUDUK,1970-01-01 00:00:54,0
ESP32_001,56000,0.05122156197012633,0.07533822298373245,67.36534764210958,DUDUK,1970-01-01 00:00:56,0
ESP32_001,58000,0.029404746439382,0.025044336360703013,72.65370288643045,DUDUK,1970-01-01 00:00:58,0
ESP32_001,60000,0.04441273289066115,0.030369826979040983,72.3490104249501,DUDUK,1970-01-01 00:01:00,0
ESP32_001,62000,0.026146864031382396,0.025243690023463022,74.94158603242288,DUDUK,1970-01-01 00:01:02,0
ESP32_001,64000,0.03280991867735032,0.038212704861115776,76.49799937716625,DUDUK,1970-01-01 00:01:04,0
ESP32_001,66000,0.033072995208766096,0.03879637919606061,72.58663691654391,DUDUK,1970-01-01 00:01:06,0
ESP32_001,68000,0.042776648957884245,0.0456463759354556,78.52739403577165,DUDUK,1970-01-01 00:01:08,0
ESP32_001,70000,0.03021003841632759,0.04739713891264631,82.4619363784273,DUDUK,1970-01-01 00:01:10,0
ESP32_001,72000,0.01993982618500298,0.062482396341043106,72.37902279096863,DUDUK,1970-01-01 00:01:12,0
ESP32_001,74000,0.02322838288487888,0.04357228316694013,73.21843605745956,DUDUK,1970-01-01 00:01:14,0
ESP32_001,76000,0.032449665711087226,0.02103831317005352,73.55453782799002,DUDUK,1970-01-01 00:01:16,0
ESP32_001,78000,0.04475356216949552,0.029949412707243824,67.86384528223839,DUDUK,1970-01-01 00:01:18,0
ESP32_001,80000,0.03519346514241172,0.06380287983422225,72.48838049274416,DUDUK,1970-01-01 00:01:20,0
ESP32_001,82000,0.022269902161445334,0.06918541652170414,72.91671002869175,DUDUK,1970-01-01 00:01:22,0
ESP32_001,84000,0.05189802933217672,0.007522085513803865,73.70877987888579,DUDUK,1970-01-01 00:01:24,0
ESP32_001,86000,0.04876170839215886,0.05983838343013012,69.65412173947648,DUDUK,1970-01-01 00:01:26,0
ESP32_001,88000,0.012868654709091223,0.018111446824112663,69.74967264260378,DUDUK,1970-01-01 00:01:28,0
ESP32_001,90000,0.03622849932347499,0.06028877668117498,78.38838410949255,DUDUK,1970-01-01 00:01:30,0
ESP32_001,92000,0.03332314011979592,0.07358594368127654,70.75517925760464,DUDUK,1970-01-01 00:01:32,0
ESP32_001,94000,0.039715709509543555,0.06372102919996879,61.803839111199494,DUDUK,1970-01-01 00:01:34,0
ESP32_001,96000,0.027305931655554422,0.08257231091142583,73.92032724469654,DUDUK,1970-01-01 00:01:36,0
ESP32_001,98000,0.02967305251905907,0.06339345097660078,66.70393239055524,DUDUK,1970-01-01 00:01:38,0
ESP32_001,100000,0.02937320902726828,0.03939484763255119,69.23175347326409,DUDUK,1970-01-01 00:01:40,0
ESP32_001,102000,0.018021221074111513,0.05427959821468444,75.78753855023652,DUDUK,1970-01-01 00:01:42,0
ESP32_001,104000,0.024694988523894724,0.019696178756028956,74.88278481527882,DUDUK,1970-01-01 00:01:44,0
ESP32_001,106000,0.03311250154543536,0.030889191187991487,64.88873145201163,DUDUK,1970-01-01 00:01:46,0
ESP32_001,108000,0.023534271157574733,0.049840547173667656,79.61562038634828,DUDUK,1970-01-01 00:01:48,0
ESP32_001,110000,0.035389100436846586,0.02234400538071328,74.81484618345286,DUDUK,1970-01-01 00:01:50,0
ESP32_001,112000,0.02349357430878173,0.05097043255889654,70.80525976566796,DUDUK,1970-01-01 00:01:52,0
ESP32_001,114000,0.02092436337958402,0.03044889510402898,74.71680096189968,DUDUK,1970-01-01 00:01:54,0
ESP32_001,116000,0.02337376241054153,0.01744915124233675,75.19296229388686,DUDUK,1970-01-01 00:01:56,0
ESP32_001,118000,0.013384799377310401,0.050947973426328286,69.11554065238425,DUDUK,1970-01-01 00:01:58,0
ESP32_001,120000,0.03835692112065142,0.0005671099974542126,73.85572936685655,DUDUK,1970-01-01 00:02:00,0
ESP32_001,122000,0.023960148132841794,0.05508841686602427,69.8372090609019,DUDUK,1970-01-01 00:02:02,0
ESP32_001,124000,0.033944521423782965,0.06742249406863385,61.80937732411073,DUDUK,1970-01-01 00:02:04,0
ESP32_001,126000,0.01991913689082596,0.08352874624550566,60.944323454960575,DUDUK,1970-01-01 00:02:06,0
ESP32_001,128000,0.032356145581085655,0.05676992814988829,72.90933127529247,DUDUK,1970-01-01 00:02:08,0
ESP32_001,130000,0.03248220586300336,0.03287832348182266,73.66831052643474,DUDUK,1970-01-01 00:02:10,0
ESP32_001,132000,0.040375399442578994,0.04111413479847777,76.3480296005283,DUDUK,1970-01-01 00:02:12,0
ESP32_001,134000,0.043556378588049505,0.025106905933771663,71.72207664544773,DUDUK,1970-01-01 00:02:14,0
ESP32_001,136000,0.0327996862631982,0.05218789589209786,68.04762772277344,DUDUK,1970-01-01 00:02:16,0
ESP32_001,138000,0.034714683571359956,0.039775686471376304,77.47095759235474,DUDUK,1970-01-01 00:02:18,0
ESP32_001,140000,0.013075353702851806,0.029757912494796653,65.55019550129472,DUDUK,1970-01-01 00:02:20,0
ESP32_001,142000,0.01704921227936384,0.01993714093763788,71.72852566741093,DUDUK,1970-01-01 00:02:22,0
ESP32_001,144000,0.02769065469791322,0.044622226188903394,72.06964645956474,DUDUK,1970-01-01 00:02:24,0
ESP32_001,146000,0.029758749128899965,0.039062821175192164,72.53215113845948,DUDUK,1970-01-01 00:02:26,0
ESP32_001,148000,0.027450227825791446,0.07492170384995259,64.9624415264109,DUDUK,1970-01-01 00:02:28,0
ESP32_001,150000,0.022221833124091248,0.07543110189988318,74.4468728061396,DUDUK,1970-01-01 00:02:30,0
ESP32_001,152000,0.017778721911080545,0.06421919936406983,66.59468336200051,DUDUK,1970-01-01 00:02:32,0
ESP32_001,154000,0.036159356069442636,0.024977728472293945,77.24504612918444,DUDUK,1970-01-01 00:02:34,0
ESP32_001,156000,0.022956563094572405,0.02439141295007434,73.05508733601309,DUDUK,1970-01-01 00:02:36,0
ESP32_001,158000,0.029032868881296074,0.07206603764033043,71.71527188139466,DUDUK,1970-01-01 00:02:38,0
ESP32_001,160000,0.03307801768892059,0.05341730876255884,69.30120159845319,DUDUK,1970-01-01 00:02:40,0
ESP32_001,162000,0.022216952745976872,0.015948327915243192,76.91345491972757,DUDUK,1970-01-01 00:02:42,0
ESP32_001,164000,0.046654744444625765,0.03750362844608643,72.9338338223854,DUDUK,1970-01-01 00:02:44,0
ESP32_001,166000,0.022446170676466773,0.02296630788767333,85.16191032418695,DUDUK,1970-01-01 00:02:46,0
ESP32_001,168000,0.03493317900880889,0.03848724347524452,77.74636663142837,DUDUK,1970-01-01 00:02:48,0
ESP32_001,170000,0.022968235748741125,0.08624897115993857,76.86277224813365,DUDUK,1970-01-01 00:02:50,0
ESP32_001,172000,0.03621809962217196,0.04851133141799908,73.90098925502981,DUDUK,1970-01-01 00:02:52,0
ESP32_001,174000,0.03610585745283823,0.059183601584568736,73.03843843581555,DUDUK,1970-01-01 00:02:54,0
ESP32_001,176000,0.032715788371953734,0.0492088969228669,76.69141902988,DUDUK,1970-01-01 00:02:56,0
ESP32_001,178000,0.024839552717826258,0.043816557530627215,67.52696348890248,DUDUK,1970-01-01 00:02:58,0
ESP32_001,180000,0.02813128355838641,0.0706368907893727,72.41141994637712,DUDUK,1970-01-01 00:03:00,0
ESP32_001,182000,0.040654803750653515,0.04274322879120682,69.38569986423366,DUDUK,1970-01-01 00:03:02,0
ESP32_001,184000,0.025798131829041428,0.029917184664958647,79.75250246407039,DUDUK,1970-01-01 00:03:04,0
ESP32_001,186000,0.020016459592612088,0.06349638984333209,74.46225632004075,DUDUK,1970-01-01 00:03:06,0
ESP32_001,188000,0.03289168643907818,0.037537189471504716,79.10252123994927,DUDUK,1970-01-01 00:03:08,0
ESP32_001,190000,0.024292537062505237,0.06265863635511022,80.9793883654776,DUDUK,1970-01-01 00:03:10,0
ESP32_001,192000,0.023872113095156137,0.06317088545345662,65.10340385992737,DUDUK,1970-01-01 00:03:12,0
ESP32_001,194000,0.02269069960058081,0.05447575903277797,69.3456561353984,DUDUK,1970-01-01 00:03:14,0
ESP32_001,196000,0.025105605574817776,0.06167856370651928,76.10241090598682,DUDUK,1970-01-01 00:03:16,0
ESP32_001,198000,0.03507274031107298,0.06297419775179286,67.91532164506381,DUDUK,1970-01-01 00:03:18,0
ESP32_001,200000,0.033686733088729014,0.05382198136039807,75.22742090570537,DUDUK,1970-01-01 00:03:20,0
ESP32_001,202000,0.051632547233054604,0.08154906559526949,72.9330456157818,DUDUK,1970-01-01 00:03:22,0
ESP32_001,204000,0.025535663854494718,0.05265939348293752,69.20539076364206,DUDUK,1970-01-01 00:03:24,0
ESP32_001,206000,0.03377211875064521,0.0876231413888118,69.48972887823695,DUDUK,1970-01-01 00:03:26,0
ESP32_001,208000,0.019787671828692864,0.024393912026582115,81.23318498023833,DUDUK,1970-01-01 00:03:28,0
ESP32_001,210000,0.01929915233673847,0.05486678898645384,79.2188230203663,DUDUK,1970-01-01 00:03:30,0
ESP32_001,212000,0.02917848821607431,0.06139534560464408,72.98260584850735,DUDUK,1970-01-01 00:03:32,0
ESP32_001,214000,0.037090037575885124,0.08601880865821632,68.59474171262559,DUDUK,1970-01-01 00:03:34,0
ESP32_001,216000,0.03840643548988724,0.04095387361501847,75.92900079325416,DUDUK,1970-01-01 00:03:36,0
ESP32_001,218000,0.03425457561784965,0.02683270621614915,72.13442919497265,DUDUK,1970-01-01 00:03:38,0
ESP32_001,220000,0.032083828079475525,0.02996759980210169,69.14410505108602,DUDUK,1970-01-01 00:03:40,0
ESP32_001,222000,0.03572582781356159,0.037061264445888524,75.17585900840984,DUDUK,1970-01-01 00:03:42,0
ESP32_001,224000,0.04049552715319335,0.09150521745250531,68.74290998192775,DUDUK,1970-01-01 00:03:44,0
ESP32_001,226000,0.025161141659456782,0.03852599992122842,74.18161834837016,DUDUK,1970-01-01 00:03:46,0
ESP32_001,228000,0.030380034781682,0.0448524692515331,69.58406768850313,DUDUK,1970-01-01 00:03:48,0
ESP32_001,230000,0.045739867632900326,0.0709419660522431,71.80745765249647,DUDUK,1970-01-01 00:03:50,0
ESP32_001,232000,0.028273727000591803,0.07953080699451792,74.4701509314137,DUDUK,1970-01-01 00:03:52,0
ESP32_001,234000,0.03260673765823907,0.07345458038518729,57.75728689684962,DUDUK,1970-01-01 00:03:54,0
ESP32_001,236000,0.041487657003721035,0.024106370485581886,71.76539710560408,DUDUK,1970-01-01 00:03:56,0
ESP32_001,238000,0.03477040827223121,0.040124868336773756,76.25110871056746,DUDUK,1970-01-01 00:03:58,0
ESP32_001,240000,0.026513478655921408,0.05763870904463107,70.70478927089648,DUDUK,1970-01-01 00:04:00,0
ESP32_001,242000,0.028036501509150217,0.05103891771614599,62.00899657733946,DUDUK,1970-01-01 00:04:02,0
ESP32_001,244000,0.039163276747024814,0.09176749409561455,75.06386952531285,DUDUK,1970-01-01 00:04:04,0
ESP32_001,246000,0.019465844368263437,0.05434865746359446,73.82480501233113,DUDUK,1970-01-01 00:04:06,0
ESP32_001,248000,0.05403415585238275,0.07211051865915968,80.16715766150548,DUDUK,1970-01-01 00:04:08,0
ESP32_001,250000,0.018536546069813118,0.056575248206069614,74.2676715075699,DUDUK,1970-01-01 00:04:10,0
ESP32_001,252000,0.02755843364709351,0.06194800139699716,71.24972206483737,DUDUK,1970-01-01 00:04:12,0
ESP32_001,254000,0.03125576453471542,0.021198982348114116,61.23304943198143,DUDUK,1970-01-01 00:04:14,0
ESP32_001,256000,0.023610382523104975,0.03623699309644553,59.50297142563213,DUDUK,1970-01-01 00:04:16,0
ESP32_001,258000,0.052909425725907414,0.09879504812678547,76.26707779390154,DUDUK,1970-01-01 00:04:18,0
ESP32_001,260000,0.03758928589786765,0.03492070822266648,67.05704446424541,DUDUK,1970-01-01 00:04:20,0
ESP32_001,262000,0.01896410682784229,0.01858998792753646,70.87683425001488,DUDUK,1970-01-01 00:04:22,0
ESP32_001,264000,0.03550052099024552,0.03797264712097573,71.9018110053666,DUDUK,1970-01-01 00:04:24,0
ESP32_001,266000,0.03552489954417148,0.04141188917749494,72.20295845601942,DUDUK,1970-01-01 00:04:26,0
ESP32_001,268000,0.022980083121932445,0.025122735292174302,70.52525160853986,DUDUK,1970-01-01 00:04:28,0
ESP32_001,270000,0.04247742072673734,0.09290298255546778,74.0689954872575,DUDUK,1970-01-01 00:04:30,0
ESP32_001,272000,0.028147123411222916,0.0692775823358982,71.55858975824373,DUDUK,1970-01-01 00:04:32,0
ESP32_001,274000,0.055797093376543185,0.03892823516584011,70.98209819948819,DUDUK,1970-01-01 00:04:34,0
ESP32_001,276000,0.024183190860513563,0.05068166936518453,73.65440116107229,DUDUK,1970-01-01 00:04:36,0
ESP32_001,278000,0.038335289616089244,0.025807179626175892,71.72115461171147,DUDUK,1970-01-01 00:04:38,0
ESP32_001,280000,0.035583269125217226,0.05338721648072156,68.32235028705117,DUDUK,1970-01-01 00:04:40,0
ESP32_001,282000,0.04236093175210437,0.043671831006103966,73.96658919697185,DUDUK,1970-01-01 00:04:42,0
ESP32_001,284000,0.03192049116490032,0.06416217353377181,62.818973134483514,DUDUK,1970-01-01 00:04:44,0
ESP32_001,286000,0.035079913269125435,0.09985999034865581,71.50555173404429,DUDUK,1970-01-01 00:04:46,0
ESP32_001,288000,0.03919076482987768,0.036638190927139026,74.68254921785201,DUDUK,1970-01-01 00:04:48,0
ESP32_001,290000,0.021015320182089625,0.059493964657599055,74.78905153175931,DUDUK,1970-01-01 00:04:50,0
ESP32_001,292000,0.030103526198433806,0.03780975595681434,71.64750610970454,DUDUK,1970-01-01 00:04:52,0
ESP32_001,294000,0.034865016438262016,0.04711824888556769,78.09380925848659,DUDUK,1970-01-01 00:04:54,0
ESP32_001,296000,0.02786557129069792,0.037731946729181204,72.80286990524932,DUDUK,1970-01-01 00:04:56,0
ESP32_001,298000,0.030030460201534142,0.02030204063100193,70.87617299053659,DUDUK,1970-01-01 00:04:58,0
ESP32_001,300000,0.018298869739406403,0.038469791985465615,64.60544215612936,DUDUK,1970-01-01 00:05:00,0
ESP32_001,302000,0.03183359919779156,0.030538621182368893,67.33366020463401,DUDUK,1970-01-01 00:05:02,0
ESP32_001,304000,0.025567177488084895,0.022561977141372876,68.65463630670041,DUDUK,1970-01-01 00:05:04,0
ESP32_001,306000,0.040399046873960766,0.04024177183708595,73.49646290203246,DUDUK,1970-01-01 00:05:06,0
ESP32_001,308000,0.04301741289398798,0.05919944285878233,70.17339224343945,DUDUK,1970-01-01 00:05:08,0
ESP32_001,310000,0.031846803058649086,0.036862114420572085,75.59476655332533,DUDUK,1970-01-01 00:05:10,0
ESP32_001,312000,0.03996047685805816,0.04354640322315729,74.27943886040804,DUDUK,1970-01-01 00:05:12,0
ESP32_001,314000,0.05165002344901084,0.05537184557726514,77.362536686549,DUDUK,1970-01-01 00:05:14,0
ESP32_001,316000,0.026350472704571144,0.09112414259880644,73.5370334890455,DUDUK,1970-01-01 00:05:16,0
ESP32_001,318000,0.03815737212539297,0.055651599009766,75.67438893024908,DUDUK,1970-01-01 00:05:18,0
ESP32_001,320000,0.036628812686674124,0.057993759035052835,78.19141535716818,DUDUK,1970-01-01 00:05:20,0
ESP32_001,322000,0.030212715767360614,0.1020336622836079,73.90579192441389,DUDUK,1970-01-01 00:05:22,0
ESP32_001,324000,0.04289752754082746,0.045819534854279496,80.34952252175702,DUDUK,1970-01-01 00:05:24,0
ESP32_001,326000,0.03394671529822981,0.03780434191361236,75.2414021692193,DUDUK,1970-01-01 00:05:26,0
ESP32_001,328000,0.028790518513922184,0.06444762715655543,73.12342362875943,DUDUK,1970-01-01 00:05:28,0
ESP32_001,330000,0.039325908318730896,0.07525168206854364,72.92275651598518,DUDUK,1970-01-01 00:05:30,0
ESP32_001,332000,0.04542109952567876,0.07048125051622925,67.90900558288847,DUDUK,1970-01-01 00:05:32,0
ESP32_001,334000,0.02996625542589048,0.06910610417141022,71.03170270360141,DUDUK,1970-01-01 00:05:34,0
ESP32_001,336000,0.02283177679397195,0.08026899486484262,78.10516847762676,DUDUK,1970-01-01 00:05:36,0
ESP32_001,338000,0.03582097703468616,0.07177497239408373,66.40191283355495,DUDUK,1970-01-01 00:05:38,0
ESP32_001,340000,0.03140886246911204,0.040679269962635156,66.15041582144856,DUDUK,1970-01-01 00:05:40,0
ESP32_001,342000,0.0012773778671835052,0.040858074868274565,73.50895949909733,DUDUK,1970-01-01 00:05:42,0
ESP32_001,344000,0.037660802783846904,0.03244034826486878,76.56792313116625,DUDUK,1970-01-01 00:05:44,0
ESP32_001,346000,0.021968210493196548,0.035055766417043534,70.59336221440893,DUDUK,1970-01-01 00:05:46,0
ESP32_001,348000,0.03066990717224872,0.06588529359243654,74.33214991216764,DUDUK,1970-01-01 00:05:48,0
ESP32_001,350000,0.029643585177025162,0.03379495125971238,72.30839924923986,DUDUK,1970-01-01 00:05:50,0
ESP32_001,352000,0.034288165003305726,0.03344819558702561,74.18279902078834,DUDUK,1970-01-01 00:05:52,0
ESP32_001,354000,0.03903934841086195,0.09114990939423398,78.87438209574093,DUDUK,1970-01-01 00:05:54,0
ESP32_001,356000,0.023540358208754646,0.052453406319895916,70.54094365542228,DUDUK,1970-01-01 00:05:56,0
ESP32_001,358000,0.01436809191303343,0.11386215135689721,77.74222854598378,DUDUK,1970-01-01 00:05:58,0
ESP32_001,360000,0.031132704105377645,0.08746595552435091,72.33927755263701,DUDUK,1970-01-01 00:06:00,0
ESP32_001,362000,0.038527736751222195,0.07059921635162322,74.11799532796731,DUDUK,1970-01-01 00:06:02,0
ESP32_001,364000,0.05062524919243145,0.0484071721750857,71.06427867497726,DUDUK,1970-01-01 00:06:04,0
ESP32_001,366000,0.039857299956798625,0.05651592633164333,70.52299294930485,DUDUK,1970-01-01 00:06:06,0
ESP32_001,368000,0.031684609762696145,0.07634230134679731,78.48497273280555,DUDUK,1970-01-01 00:06:08,0
ESP32_001,370000,0.029771319377011177,0.06093467136402759,67.38794907750749,DUDUK,1970-01-01 00:06:10,0
ESP32_001,372000,0.04615375689469442,0.06996621796295921,67.48149069634935,DUDUK,1970-01-01 00:06:12,0
ESP32_001,374000,0.033243592817216026,0.05402319311745679,69.62548171688738,DUDUK,1970-01-01 00:06:14,0
ESP32_001,376000,0.03871297297457244,0.02999337350788851,73.7531504963678,DUDUK,1970-01-01 00:06:16,0
ESP32_001,378000,0.03489187130147663,0.04517484690762916,67.12735347664679,DUDUK,1970-01-01 00:06:18,0
ESP32_001,380000,0.04107080669286973,0.03929343628092155,75.5472590856952,DUDUK,1970-01-01 00:06:20,0
ESP32_001,382000,0.025645136294301565,0.06230734968026107,76.04028899140573,DUDUK,1970-01-01 00:06:22,0
ESP32_001,384000,0.033672873134013404,0.04961160788224535,66.73158790426822,DUDUK,1970-01-01 00:06:24,0
ESP32_001,386000,0.019321970784208067,0.04662356553619979,73.19184491367392,DUDUK,1970-01-01 00:06:26,0
ESP32_001,388000,0.039751976297824294,-0.004064645859984742,74.5560129976249,DUDUK,1970-01-01 00:06:28,0
ESP32_001,390000,0.043736585451629575,0.07629828907168096,63.99017094051416,DUDUK,1970-01-01 00:06:30,0
ESP32_001,392000,0.027539375118700513,0.05246409613568972,68.88675319132774,DUDUK,1970-01-01 00:06:32,0
ESP32_001,394000,0.031946074552372423,0.04925926405903176,71.58447213685653,DUDUK,1970-01-01 00:06:34,0
ESP32_001,396000,0.014952796259689977,0.04381581845900273,62.62413765177128,DUDUK,1970-01-01 00:06:36,0
ESP32_001,398000,0.03115026079147417,0.03496061336522362,72.10655824335971,DUDUK,1970-01-01 00:06:38,0
ESP32_001,0,0.1770357205725902,0.10984301618720275,82.35047438374293,BERJALAN,1970-01-01 00:00:00,1
ESP32_001,2000,0.14685114942228344,0.2448419657932766,89.24677344606064,BERJALAN,1970-01-01 00:00:02,1
ESP32_001,4000,0.11366609283516917,0.18875720090959608,86.27680738045723,BERJALAN,1970-01-01 00:00:04,1
ESP32_001,6000,0.16232797139238808,0.2116608065631751,97.89202820164881,BERJALAN,1970-01-01 00:00:06,1
ESP32_001,8000,0.08568821378038013,0.19357312442805347,96.27885113597921,BERJALAN,1970-01-01 00:00:08,1
ESP32_001,10000,0.08916974577222125,0.22135971809358426,102.35323338888001,BERJALAN,1970-01-01 00:00:10,1
ESP32_001,12000,0.15001746954128933,0.21443468146399286,101.34790976441771,BERJALAN,1970-01-01 00:00:12,1
ESP32_001,14000,0.06754404080285457,0.2563352568413792,93.28063175769012,BERJALAN,1970-01-01 00:00:14,1
ESP32_001,16000,0.11075897147442776,0.1718915986710849,102.71881306477967,BERJALAN,1970-01-01 00:00:16,1
ESP32_001,18000,0.16846748470644696,0.21400805794098035,94.88438183297377,BERJALAN,1970-01-01 00:00:18,1
ESP32_001,20000,0.13638852744011098,0.19558185203973324,99.4873555835299,BERJALAN,1970-01-01 00:00:20,1
ESP32_001,22000,0.11113559045912519,0.21848210960990472,85.98586024872156,BERJALAN,1970-01-01 00:00:22,1
ESP32_001,24000,0.08418224980802833,0.23190255507203789,88.69772998473408,BERJALAN,1970-01-01 00:00:24,1
ESP32_001,26000,0.10137457205246651,0.2373955128058767,87.64492326730861,BERJALAN,1970-01-01 00:00:26,1
ESP32_001,28000,0.04409137431761011,0.13852252027737916,116.15474677613628,BERJALAN,1970-01-01 00:00:28,1
ESP32_001,30000,0.07491089014814539,0.20489915767354477,92.25446179602072,BERJALAN,1970-01-01 00:00:30,1
ESP32_001,32000,0.1386471566956815,0.2563025125386084,87.75414159309905,BERJALAN,1970-01-01 00:00:32,1
ESP32_001,34000,0.1003870098405354,0.3568874266829997,97.28443259886126,BERJALAN,1970-01-01 00:00:34,1
ESP32_001,36000,0.13563367285138014,0.19013307898463372,99.7484537782469,BERJALAN,1970-01-01 00:00:36,1
ESP32_001,38000,0.03178834096007159,0.18057407734555572,98.25641829699629,BERJALAN,1970-01-01 00:00:38,1
ESP32_001,40000,0.09085029796376141,0.24765625226880433,89.86814723821638,BERJALAN,1970-01-01 00:00:40,1
ESP32_001,42000,0.1329576763402182,0.2354151923600532,87.94500279017825,BERJALAN,1970-01-01 00:00:42,1
ESP32_001,44000,0.11510799108168708,0.16037900395000193,95.0096438028978,BERJALAN,1970-01-01 00:00:44,1
ESP32_001,46000,0.09548734106795428,0.1618637610716893,93.44939088981758,BERJALAN,1970-01-01 00:00:46,1
ESP32_001,48000,0.11206455476068167,0.20299663151331643,70.8439027534334,BERJALAN,1970-01-01 00:00:48,1
ESP32_001,50000,0.12551548634261084,0.17541819071839765,99.04376127333302,BERJALAN,1970-01-01 00:00:50,1
ESP32_001,52000,0.15180629722496639,0.1987212843904003,90.80729281652326,BERJALAN,1970-01-01 00:00:52,1
ESP32_001,54000,0.12457064616101166,0.1995349839430693,88.06295827431279,BERJALAN,1970-01-01 00:00:54,1
ESP32_001,56000,0.1002565053277423,0.17618895632276704,101.80718369734377,BERJALAN,1970-01-01 00:00:56,1
ESP32_001,58000,0.1158788463480181,0.1708620671194209,102.40972321793274,BERJALAN,1970-01-01 00:00:58,1
ESP32_001,60000,0.1489619245377351,0.1691174052282825,93.884429794552,BERJALAN,1970-01-01 00:01:00,1
ESP32_001,62000,0.10649432205445765,0.0851909523431381,93.81775744946023,BERJALAN,1970-01-01 00:01:02,1
ESP32_001,64000,0.1064025477293096,0.2311103572021701,100.3638449379297,BERJALAN,1970-01-01 00:01:04,1
ESP32_001,66000,0.08784428300879533,0.1548974222821245,108.14138362604771,BERJALAN,1970-01-01 00:01:06,1
ESP32_001,68000,0.09298137796056394,0.17279429989429038,100.92659476336101,BERJALAN,1970-01-01 00:01:08,1
ESP32_001,70000,0.10460359300585244,0.19044861186999157,92.89687336633386,BERJALAN,1970-01-01 00:01:10,1
ESP32_001,72000,0.12067397678436138,0.23576906577206222,100.38288988773456,BERJALAN,1970-01-01 00:01:12,1
ESP32_001,74000,0.13775442401224133,0.2774510075747594,95.40710161484814,BERJALAN,1970-01-01 00:01:14,1
ESP32_001,76000,0.12520024993111223,0.11995480107617423,93.59316476454343,BERJALAN,1970-01-01 00:01:16,1
ESP32_001,78000,0.16984410497184055,0.16918192959802614,99.461528485801,BERJALAN,1970-01-01 00:01:18,1
ESP32_001,80000,0.08665626129188904,0.2790270343284187,93.12784112714415,BERJALAN,1970-01-01 00:01:20,1
ESP32_001,82000,0.13399075123339002,0.20758789961243704,96.47792463116579,BERJALAN,1970-01-01 00:01:22,1
ESP32_001,84000,0.18070818657688917,0.19098041591187961,83.60834278039884,BERJALAN,1970-01-01 00:01:24,1
ESP32_001,86000,0.11200043012296755,0.22310863330409716,89.70414257762712,BERJALAN,1970-01-01 00:01:26,1
ESP32_001,88000,0.13277661618579106,0.29021740548933717,87.34850898545594,BERJALAN,1970-01-01 00:01:28,1
ESP32_001,90000,0.1341721883364113,0.1999645702711677,91.38327733733536,BERJALAN,1970-01-01 00:01:30,1
ESP32_001,92000,0.10589873556721495,0.3049860894583258,100.9535357719995,BERJALAN,1970-01-01 00:01:32,1
ESP32_001,94000,0.1145632748034569,0.16997882171306475,101.32500479330216,BERJALAN,1970-01-01 00:01:34,1
ESP32_001,96000,0.06089688546864493,0.2007136533918217,95.84715562492187,BERJALAN,1970-01-01 00:01:36,1
ESP32_001,98000,0.13753238941417453,0.20521779687616065,102.37320089539567,BERJALAN,1970-01-01 00:01:38,1
ESP32_001,100000,0.11617352638867397,0.13738032777934406,74.16628914698293,BERJALAN,1970-01-01 00:01:40,1
ESP32_001,102000,0.12596844440389482,0.14644731601754757,97.55721460735182,BERJALAN,1970-01-01 00:01:42,1
ESP32_001,104000,0.10487460506976985,0.1662145960419194,100.43498626365202,BERJALAN,1970-01-01 00:01:44,1
ESP32_001,106000,0.08553617894524032,0.16612176738321727,98.69648714601517,BERJALAN,1970-01-01 00:01:46,1
ESP32_001,108000,0.14350171527847785,0.28694498318987893,88.35644474754747,BERJALAN,1970-01-01 00:01:48,1
ESP32_001,110000,0.1356754231579727,0.1248459849120091,97.00160165001355,BERJALAN,1970-01-01 00:01:50,1
ESP32_001,112000,0.17987002469351893,0.22672528242402754,96.84056607353122,BERJALAN,1970-01-01 00:01:52,1
ESP32_001,114000,0.13493229267274182,0.16913734067265385,101.23149202809691,BERJALAN,1970-01-01 00:01:54,1
ESP32_001,116000,0.13373318598455658,0.1454149561930343,92.64826441868654,BERJALAN,1970-01-01 00:01:56,1
ESP32_001,118000,0.11785202244425799,0.22876025080532833,89.71743088421242,BERJALAN,1970-01-01 00:01:58,1
ESP32_001,120000,0.14096485260607605,0.09233285400643779,100.54783129531195,BERJALAN,1970-01-01 00:02:00,1
ESP32_001,122000,0.1082396208024261,0.1317022144399733,96.14710773873801,BERJALAN,1970-01-01 00:02:02,1
ESP32_001,124000,0.06671294301305039,0.12388204068910545,90.71358829558162,BERJALAN,1970-01-01 00:02:04,1
ESP32_001,126000,0.0687792612722116,0.17258563517546996,106.58799383914341,BERJALAN,1970-01-01 00:02:06,1
ESP32_001,128000,0.10920694062632742,0.15181205368946946,95.2623759632927,BERJALAN,1970-01-01 00:02:08,1
ESP32_001,130000,0.09724513995899792,0.25176246673618763,89.79980852474482,BERJALAN,1970-01-01 00:02:10,1
ESP32_001,132000,0.11749686090628916,0.21036336646994722,90.62655932330188,BERJALAN,1970-01-01 00:02:12,1
ESP32_001,134000,0.1118503466902184,0.24148662089395873,107.30345534730043,BERJALAN,1970-01-01 00:02:14,1
ESP32_001,136000,0.08632365581266757,0.22757381376197616,103.37854165297159,BERJALAN,1970-01-01 00:02:16,1
ESP32_001,138000,0.1550876997728332,0.22571273780089177,92.32738215216048,BERJALAN,1970-01-01 00:02:18,1
ESP32_001,140000,0.136938177776808,0.2112653961020471,91.50588610209427,BERJALAN,1970-01-01 00:02:20,1
ESP32_001,142000,0.07180268697783962,0.23448539026225973,93.12473759746942,BERJALAN,1970-01-01 00:02:22,1
ESP32_001,144000,0.0964870300324081,0.19664108549753226,90.35957406903965,BERJALAN,1970-01-01 00:02:24,1
ESP32_001,146000,0.12718213501606132,0.23713412091798614,102.09832669813393,BERJALAN,1970-01-01 00:02:26,1
ESP32_001,148000,0.09710141687464255,0.2536489023883006,97.430548764839,BERJALAN,1970-01-01 00:02:28,1
ESP32_001,150000,0.1416468751537843,0.23464593115158056,88.86674729773321,BERJALAN,1970-01-01 00:02:30,1
ESP32_001,152000,0.10351328592274259,0.20126942102712053,91.05501742080182,BERJALAN,1970-01-01 00:02:32,1
ESP32_001,154000,0.16330896010406443,0.18601199157520829,102.74547728426289,BERJALAN,1970-01-01 00:02:34,1
ESP32_001,156000,0.11006074850450032,0.3474547212654363,98.85492849374793,BERJALAN,1970-01-01 00:02:36,1
ESP32_001,158000,0.136417943921339,0.21639397620796788,88.18874852591749,BERJALAN,1970-01-01 00:02:38,1
ESP32_001,160000,0.12525634256725535,0.24609007509886263,111.45234851863633,BERJALAN,1970-01-01 00:02:40,1
ESP32_001,162000,0.08607334694022253,0.1540656744256953,102.34763555153931,BERJALAN,1970-01-01 00:02:42,1
ESP32_001,164000,0.08262847870660847,0.18914914747878148,83.9790599939661,BERJALAN,1970-01-01 00:02:44,1
ESP32_001,166000,0.10305677987487173,0.10600378074304775,99.27703268897949,BERJALAN,1970-01-01 00:02:46,1
ESP32_001,168000,0.040927567829493666,0.14930520238537312,87.83722942109581,BERJALAN,1970-01-01 00:02:48,1
ESP32_001,170000,0.10775697482519338,0.18826897150212932,94.59836306366604,BERJALAN,1970-01-01 00:02:50,1
ESP32_001,172000,0.19862379273089925,0.21403182022450684,94.57503477585963,BERJALAN,1970-01-01 00:02:52,1
ESP32_001,174000,0.15670706647255883,0.18985096813021715,91.34158675930568,BERJALAN,1970-01-01 00:02:54,1
ESP32_001,176000,0.11871529856065274,0.16966498526173518,79.98757835166501,BERJALAN,1970-01-01 00:02:56,1
ESP32_001,178000,0.13859134337898407,0.19077373211720752,105.19900033022978,BERJALAN,1970-01-01 00:02:58,1
ESP32_001,180000,0.13954565974018518,0.22993971947809552,98.65824323692193,BERJALAN,1970-01-01 00:03:00,1
ESP32_001,182000,0.163674669664403,0.2705229572601752,100.58322618031222,BERJALAN,1970-01-01 00:03:02,1
ESP32_001,184000,0.10670867936614553,0.20986461328156034,96.5250847301202,BERJALAN,1970-01-01 00:03:04,1
ESP32_001,186000,0.14823931742302449,0.18909770523038133,88.72190473497837,BERJALAN,1970-01-01 00:03:06,1
ESP32_001,188000,0.10888475704229912,0.154612190992654,89.7373235691829,BERJALAN,1970-01-01 00:03:08,1
ESP32_001,190000,0.14563575681199847,0.2276625609992392,87.4132159662064,BERJALAN,1970-01-01 00:03:10,1
ESP32_001,192000,0.13389618876297368,0.22761499688397618,97.08353810666844,BERJALAN,1970-01-01 00:03:12,1
ESP32_001,194000,0.10383474431421785,0.12175986143189725,92.58363600408109,BERJALAN,1970-01-01 00:03:14,1
ESP32_001,196000,0.11011656640958725,0.22346337949042633,86.86653497138802,BERJALAN,1970-01-01 00:03:16,1
ESP32_001,198000,0.11267758578977395,0.2715683390915592,105.63146655628327,BERJALAN,1970-01-01 00:03:18,1
ESP32_001,200000,0.13160425562067607,0.21246542978208646,92.18868611429014,BERJALAN,1970-01-01 00:03:20,1
ESP32_001,202000,0.16690240076496324,0.1300346912599029,102.08185186391192,BERJALAN,1970-01-01 00:03:22,1
ESP32_001,204000,0.10222932133043838,0.14705462064716998,103.09170428326685,BERJALAN,1970-01-01 00:03:24,1
ESP32_001,206000,0.16024427746592643,0.2842507139354255,90.75223281750428,BERJALAN,1970-01-01 00:03:26,1
ESP32_001,208000,0.10994586656485644,0.22074327501809554,74.76351937844558,BERJALAN,1970-01-01 00:03:28,1
ESP32_001,210000,0.11110177622790604,0.18977643895069393,93.79329830746644,BERJALAN,1970-01-01 00:03:30,1
ESP32_001,212000,0.11778157303174822,0.1434692332531237,102.1628434461008,BERJALAN,1970-01-01 00:03:32,1
ESP32_001,214000,0.10105266812504005,0.22273704560705673,89.02737322767808,BERJALAN,1970-01-01 00:03:34,1
ESP32_001,216000,0.11469677510652654,0.187191012375231,101.99613659306019,BERJALAN,1970-01-01 00:03:36,1
ESP32_001,218000,0.10050704319455198,0.18240393410917455,96.45141296091177,BERJALAN,1970-01-01 00:03:38,1
ESP32_001,220000,0.13785088397506695,0.1984280414812612,92.1229626203803,BERJALAN,1970-01-01 00:03:40,1
ESP32_001,222000,0.12903322017575225,0.1497972701578995,88.33555154399393,BERJALAN,1970-01-01 00:03:42,1
ESP32_001,224000,0.14746170826680485,0.28694256759266656,98.85653381868309,BERJALAN,1970-01-01 00:03:44,1
ESP32_001,226000,0.1310619944195256,0.2422578985592161,108.63284413004394,BERJALAN,1970-01-01 00:03:46,1
ESP32_001,228000,0.15740675146604158,0.11480642065866406,93.05292816499986,BERJALAN,1970-01-01 00:03:48,1
ESP32_001,230000,0.11100485411175358,0.19204773947999745,85.65776358985651,BERJALAN,1970-01-01 00:03:50,1
ESP32_001,232000,0.12650326691287886,0.1696062369662091,86.16109765549984,BERJALAN,1970-01-01 00:03:52,1
ESP32_001,234000,0.126616242810416,0.18847376874098748,98.87101320950431,BERJALAN,1970-01-01 00:03:54,1
ESP32_001,236000,0.0869312355049073,0.15807071007763845,89.90153802376965,BERJALAN,1970-01-01 00:03:56,1
ESP32_001,238000,0.13375160110654452,0.15451582915090833,93.501367852749,BERJALAN,1970-01-01 00:03:58,1
ESP32_001,240000,0.05285306300025083,0.06262475786373828,91.91982550629709,BERJALAN,1970-01-01 00:04:00,1
ESP32_001,242000,0.13148966954222785,0.2107698252728144,108.79757319808887,BERJALAN,1970-01-01 00:04:02,1
ESP32_001,244000,0.11137657441798933,0.17150835358806207,91.67044476091797,BERJALAN,1970-01-01 00:04:04,1
ESP32_001,246000,0.08609791982878925,0.21792268091048103,109.7888706663713,BERJALAN,1970-01-01 00:04:06,1
ESP32_001,248000,0.11473308163502353,0.1640583806195635,95.73401987558698,BERJALAN,1970-01-01 00:04:08,1
ESP32_001,250000,0.12756721189280032,0.24927248428076093,102.64240446590202,BERJALAN,1970-01-01 00:04:10,1
ESP32_001,252000,0.14628140377589383,0.1180257918737283,100.12383836160659,BERJALAN,1970-01-01 00:04:12,1
ESP32_001,254000,0.11428490682006566,0.05044320145496384,101.21925882211609,BERJALAN,1970-01-01 00:04:14,1
ESP32_001,256000,0.13400012945898243,0.24660957821301926,88.40388670777861,BERJALAN,1970-01-01 00:04:16,1
ESP32_001,258000,0.10174230830280898,0.18705727998150842,97.16045886713138,BERJALAN,1970-01-01 00:04:18,1
ESP32_001,260000,0.0626323507374067,0.2455681361087361,99.34783502936074,BERJALAN,1970-01-01 00:04:20,1
ESP32_001,262000,0.1259943130115614,0.21443618314125118,95.74697899421321,BERJALAN,1970-01-01 00:04:22,1
ESP32_001,264000,0.08609388825978229,0.20360184306418724,97.062020321142,BERJALAN,1970-01-01 00:04:24,1
ESP32_001,266000,0.08274718273555126,0.15698074946102492,84.31614744720088,BERJALAN,1970-01-01 00:04:26,1
ESP32_001,268000,0.1345810886825291,0.19531819056304148,90.33120538923197,BERJALAN,1970-01-01 00:04:28,1
ESP32_001,270000,0.1511513655305795,0.22758703999554603,104.23120587404598,BERJALAN,1970-01-01 00:04:30,1
ESP32_001,272000,0.06390774900913737,0.17450966534045587,98.62806970043574,BERJALAN,1970-01-01 00:04:32,1
ESP32_001,274000,0.09053117897235961,0.20852318854982854,96.25578368774747,BERJALAN,1970-01-01 00:04:34,1
ESP32_001,276000,0.10240406191308193,0.2579537032477949,84.02661042215627,BERJALAN,1970-01-01 00:04:36,1
ESP32_001,278000,0.0987167699271736,0.15716139530866036,91.8345543059499,BERJALAN,1970-01-01 00:04:38,1
ESP32_001,280000,0.12952359783750525,0.12427648454096166,96.8021129379804,BERJALAN,1970-01-01 00:04:40,1
ESP32_001,282000,0.14078168265350577,0.28159284495445547,99.42432068681887,BERJALAN,1970-01-01 00:04:42,1
ESP32_001,284000,0.12702073363059443,0.1016465148206424,94.54729208880083,BERJALAN,1970-01-01 00:04:44,1
ESP32_001,286000,0.15656912369380988,0.23798561477420843,105.235719453262,BERJALAN,1970-01-01 00:04:46,1
ESP32_001,288000,0.15125173992176555,0.16465537160063257,89.16318024154073,BERJALAN,1970-01-01 00:04:48,1
ESP32_001,290000,0.1308425195181931,0.1065091830233918,85.32418451664955,BERJALAN,1970-01-01 00:04:50,1
ESP32_001,292000,0.1316693618805655,0.2524353563208282,98.92966132329597,BERJALAN,1970-01-01 00:04:52,1
ESP32_001,294000,0.10925911860759041,0.2659151162426335,94.69943484016414,BERJALAN,1970-01-01 00:04:54,1
ESP32_001,296000,0.06806396089665223,0.24757748852870215,101.77416620173194,BERJALAN,1970-01-01 00:04:56,1
ESP32_001,298000,0.056183177389455136,0.22350220936841012,87.82686218147833,BERJALAN,1970-01-01 00:04:58,1
ESP32_001,300000,0.1452595108635638,0.1480728089578014,105.62912662598585,BERJALAN,1970-01-01 00:05:00,1
ESP32_001,302000,0.1293955342159494,0.16526998154184278,96.26442791936105,BERJALAN,1970-01-01 00:05:02,1
ESP32_001,304000,0.1171012898995533,0.13414340400267077,83.26571847507458,BERJALAN,1970-01-01 00:05:04,1
ESP32_001,306000,0.10495793559343089,0.2261071272966968,105.64459923231232,BERJALAN,1970-01-01 00:05:06,1
ESP32_001,308000,0.08409634060721065,0.17951567036852514,82.71967801974112,BERJALAN,1970-01-01 00:05:08,1
ESP32_001,310000,0.06359969898276709,0.22186565935194805,105.23092650650715,BERJALAN,1970-01-01 00:05:10,1
ESP32_001,312000,0.09143050857783609,0.2450199294197532,108.3377928924091,BERJALAN,1970-01-01 00:05:12,1
ESP32_001,314000,0.16569715865136775,0.17377759318686742,101.05996119469988,BERJALAN,1970-01-01 00:05:14,1
ESP32_001,316000,0.1611160843199014,0.15765745169373177,91.65672363387287,BERJALAN,1970-01-01 00:05:16,1
ESP32_001,318000,0.05922576380665869,0.20947399106105405,102.50332430008524,BERJALAN,1970-01-01 00:05:18,1
ESP32_001,320000,0.12037497965721751,0.1913599131301768,96.83197113967472,BERJALAN,1970-01-01 00:05:20,1
ESP32_001,322000,0.06426295645805138,0.25290591625435754,89.3022338908076,BERJALAN,1970-01-01 00:05:22,1
ESP32_001,324000,0.15560203860531993,0.1547692812503117,87.9734153825621,BERJALAN,1970-01-01 00:05:24,1
ESP32_001,326000,0.10865976302945349,0.15635194547731499,105.84354240884397,BERJALAN,1970-01-01 00:05:26,1
ESP32_001,328000,0.1551059612758981,0.1569148464871871,82.50805422046513,BERJALAN,1970-01-01 00:05:28,1
ESP32_001,330000,0.16510259485286996,0.1855980563038962,97.70418784881366,BERJALAN,1970-01-01 00:05:30,1
ESP32_001,332000,0.08378935056428352,0.14233247447020203,96.73299980323695,BERJALAN,1970-01-01 00:05:32,1
ESP32_001,334000,0.08922741949079167,0.21808305306235085,98.59579130265845,BERJALAN,1970-01-01 00:05:34,1
ESP32_001,336000,0.1825814114861134,0.19730475754971305,96.56905167219126,BERJALAN,1970-01-01 00:05:36,1
ESP32_001,338000,0.09287795130791998,0.2237583873247691,101.67801061059906,BERJALAN,1970-01-01 00:05:38,1
ESP32_001,340000,0.14741314864156757,0.26997973225728966,99.02227541516156,BERJALAN,1970-01-01 00:05:40,1
ESP32_001,342000,0.1738908246878089,0.2615000286359575,107.7246565809428,BERJALAN,1970-01-01 00:05:42,1
ESP32_001,344000,0.14036793870177836,0.22141583461876188,95.62861623775319,BERJALAN,1970-01-01 00:05:44,1
ESP32_001,346000,0.05613797716755564,0.11563278264446449,110.62607310021255,BERJALAN,1970-01-01 00:05:46,1
ESP32_001,348000,0.10422360972314387,0.19612782696370032,81.53873044701851,BERJALAN,1970-01-01 00:05:48,1
ESP32_001,350000,0.08927914227340861,0.16358638987966936,103.21589010655785,BERJALAN,1970-01-01 00:05:50,1
ESP32_001,352000,0.15317701273071926,0.24308180622489722,94.40821709124498,BERJALAN,1970-01-01 00:05:52,1
ESP32_001,354000,0.11773003187022509,0.2744556554164145,99.55808285758917,BERJALAN,1970-01-01 00:05:54,1
ESP32_001,356000,0.12586445194659873,0.23410347450313157,89.60052784967559,BERJALAN,1970-01-01 00:05:56,1
ESP32_001,358000,0.10790772032804907,0.19264872882845752,90.74265149498248,BERJALAN,1970-01-01 00:05:58,1
ESP32_001,360000,0.10177936700363366,0.1111994122975799,98.55358661832537,BERJALAN,1970-01-01 00:06:00,1
ESP32_001,362000,0.15303968873207285,0.1951042376778548,84.78956466769331,BERJALAN,1970-01-01 00:06:02,1
ESP32_001,364000,0.08135077147609387,0.207049134980603,94.10792938285645,BERJALAN,1970-01-01 00:06:04,1
ESP32_001,366000,0.09585100557442316,0.13724323140133027,111.4237761960133,BERJALAN,1970-01-01 00:06:06,1
ESP32_001,368000,0.15266308962650016,0.2847861438905433,96.40229423147139,BERJALAN,1970-01-01 00:06:08,1
ESP32_001,370000,0.07989823683372207,0.18906733612824822,86.51515946882719,BERJALAN,1970-01-01 00:06:10,1
ESP32_001,372000,0.0984895155261619,0.2576795171658463,92.10951550426168,BERJALAN,1970-01-01 00:06:12,1
ESP32_001,374000,0.11807447516133542,0.23324635811508707,93.2923457651965,BERJALAN,1970-01-01 00:06:14,1
ESP32_001,376000,0.1348859756208995,0.24077505112221315,104.44512729961716,BERJALAN,1970-01-01 00:06:16,1
ESP32_001,378000,0.10118059662146091,0.13137672260579497,90.73119754848666,BERJALAN,1970-01-01 00:06:18,1
ESP32_001,380000,0.15662463896439144,0.22173850322784458,105.23614935808126,BERJALAN,1970-01-01 00:06:20,1
ESP32_001,382000,0.05349543481937806,0.2814583182450473,111.54325070530842,BERJALAN,1970-01-01 00:06:22,1
ESP32_001,384000,0.06504953258381921,0.1948284387854858,100.43157590209786,BERJALAN,1970-01-01 00:06:24,1
ESP32_001,386000,0.0956279295318774,0.2725500719065668,97.50505712010525,BERJALAN,1970-01-01 00:06:26,1
ESP32_001,388000,0.1406119738757675,0.17342727243203926,80.27937804395398,BERJALAN,1970-01-01 00:06:28,1
ESP32_001,390000,0.11903158166851588,0.1350391818277088,104.55673776410984,BERJALAN,1970-01-01 00:06:30,1
ESP32_001,392000,0.14875157459526128,0.21121698283890414,97.56628580746147,BERJALAN,1970-01-01 00:06:32,1
ESP32_001,394000,0.1258215583081762,0.1680858636735753,105.65071249590723,BERJALAN,1970-01-01 00:06:34,1
ESP32_001,396000,0.17761102506432783,0.16521525614014682,103.54703466955213,BERJALAN,1970-01-01 00:06:36,1
ESP32_001,398000,0.13812362668765554,0.2573220435200364,93.18018992037274,BERJALAN,1970-01-01 00:06:38,1
ESP32_001,0,0.28408516104224,0.5782130001531459,118.80508546138162,BERLARI,1970-01-01 00:00:00,2
ESP32_001,2000,0.31678289856757824,0.5395819781095923,131.59013882485442,BERLARI,1970-01-01 00:00:02,2
ESP32_001,4000,0.445581028950155,0.30217747506251896,124.98812345410101,BERLARI,1970-01-01 00:00:04,2
ESP32_001,6000,0.4111223825258287,0.4365714152310597,138.20182075554482,BERLARI,1970-01-01 00:00:06,2
ESP32_001,8000,0.32287021765839685,0.4503067974882022,125.26798963645386,BERLARI,1970-01-01 00:00:08,2
ESP32_001,10000,0.2608762839870405,0.45688744304249007,125.0921558063743,BERLARI,1970-01-01 00:00:10,2
ESP32_001,12000,0.3619490785816951,0.516048962397348,139.48018271653677,BERLARI,1970-01-01 00:00:12,2
ESP32_001,14000,0.37499025683732573,0.5590422061251463,145.4677845603414,BERLARI,1970-01-01 00:00:14,2
ESP32_001,16000,0.2585584550341017,0.5073196991001695,121.56544645940198,BERLARI,1970-01-01 00:00:16,2
ESP32_001,18000,0.31851761152242164,0.4149464721252956,133.17942679707326,BERLARI,1970-01-01 00:00:18,2
ESP32_001,20000,0.39266873957643594,0.5872197000072978,146.19753686809284,BERLARI,1970-01-01 00:00:20,2
ESP32_001,22000,0.33218234393787144,0.416307929620372,151.22643214640573,BERLARI,1970-01-01 00:00:22,2
ESP32_001,24000,0.38392534892147606,0.5281009250281806,173.91711563513678,BERLARI,1970-01-01 00:00:24,2
ESP32_001,26000,0.5346333000492889,0.6703172609918038,141.99285099808637,BERLARI,1970-01-01 00:00:26,2
ESP32_001,28000,0.3897498872406078,0.5858014195302146,144.51810825862412,BERLARI,1970-01-01 00:00:28,2
ESP32_001,30000,0.3402354294302978,0.3651952888059833,137.01671767160184,BERLARI,1970-01-01 00:00:30,2
ESP32_001,32000,0.27038812145172963,0.6428857707813568,150.0341116131298,BERLARI,1970-01-01 00:00:32,2
ESP32_001,34000,0.314142030695988,0.7042076040143744,134.86689595261677,BERLARI,1970-01-01 00:00:34,2
ESP32_001,36000,0.2849588502191896,0.402463397272175,147.02189824418323,BERLARI,1970-01-01 00:00:36,2
ESP32_001,38000,0.3101943329291834,0.5471542380418206,133.96716368650928,BERLARI,1970-01-01 00:00:38,2
ESP32_001,40000,0.3379743631782502,0.5464369863546574,137.172752913253,BERLARI,1970-01-01 00:00:40,2
ESP32_001,42000,0.45426224298528506,0.4759334825469787,137.5451202368901,BERLARI,1970-01-01 00:00:42,2
ESP32_001,44000,0.27053130403344394,0.37827173077795206,135.41656498503073,BERLARI,1970-01-01 00:00:44,2
ESP32_001,46000,0.19251966292495568,0.5420191542894992,113.48272256958508,BERLARI,1970-01-01 00:00:46,2
ESP32_001,48000,0.31937462483096246,0.4600100937868863,126.95861759454921,BERLARI,1970-01-01 00:00:48,2
ESP32_001,50000,0.44373743317729275,0.5480908092748895,117.92430089685993,BERLARI,1970-01-01 00:00:50,2
ESP32_001,52000,0.2723900591696285,0.40319542414897547,146.74667470268136,BERLARI,1970-01-01 00:00:52,2
ESP32_001,54000,0.24026054965891952,0.45370604879747417,140.92385817171782,BERLARI,1970-01-01 00:00:54,2
ESP32_001,56000,0.45368504494251166,0.36042107978075144,129.57660753705747,BERLARI,1970-01-01 00:00:56,2
ESP32_001,58000,0.28685291954242603,0.4271538378319657,146.95341857893354,BERLARI,1970-01-01 00:00:58,2
ESP32_001,60000,0.23878224598772296,0.42606285925409637,116.60759328132083,BERLARI,1970-01-01 00:01:00,2
ESP32_001,62000,0.33429754788896504,0.4109682151980128,133.0545122942417,BERLARI,1970-01-01 00:01:02,2
ESP32_001,64000,0.36144390159031614,0.42000594932980656,151.72145433029317,BERLARI,1970-01-01 00:01:04,2
ESP32_001,66000,0.4068439281838228,0.486993970644638,131.13566214609529,BERLARI,1970-01-01 00:01:06,2
ESP32_001,68000,0.4560345687276063,0.35847328080758123,117.01180847449919,BERLARI,1970-01-01 00:01:08,2
ESP32_001,70000,0.3426524188532036,0.4940584818727506,115.66119169076606,BERLARI,1970-01-01 00:01:10,2
ESP32_001,72000,0.32898723837470656,0.38206308783673826,145.65004760896872,BERLARI,1970-01-01 00:01:12,2
ESP32_001,74000,0.4108677323449182,0.366722260252035,149.76266610780945,BERLARI,1970-01-01 00:01:14,2
ESP32_001,76000,0.30224205706231405,0.553762990294988,141.1835318594936,BERLARI,1970-01-01 00:01:16,2
ESP32_001,78000,0.28325745519723,0.43886147526113717,137.23699403692856,BERLARI,1970-01-01 00:01:18,2
ESP32_001,80000,0.29146946088731773,0.4391773492555241,159.18330132552768,BERLARI,1970-01-01 00:01:20,2
ESP32_001,82000,0.45325155687380375,0.5086697699414396,152.3676683927017,BERLARI,1970-01-01 00:01:22,2
ESP32_001,84000,0.3954482564102917,0.8152056734512085,141.6377898765505,BERLARI,1970-01-01 00:01:24,2
ESP32_001,86000,0.30614397614665817,0.452873625929748,135.3414909741979,BERLARI,1970-01-01 00:01:26,2
ESP32_001,88000,0.18377505441150424,0.4136506395035066,118.59769964063008,BERLARI,1970-01-01 00:01:28,2
ESP32_001,90000,0.3974053819077864,0.5633326826071239,137.38416011456889,BERLARI,1970-01-01 00:01:30,2
ESP32_001,92000,0.3436746126508355,0.4482307427130785,112.7778872211041,BERLARI,1970-01-01 00:01:32,2
ESP32_001,94000,0.41268717318388853,0.47401998592324873,118.00527533048825,BERLARI,1970-01-01 00:01:34,2
ESP32_001,96000,0.25790770107577043,0.5516946515748371,137.4571065888214,BERLARI,1970-01-01 00:01:36,2
ESP32_001,98000,0.41127026235844916,0.458489971103663,139.71968460006389,BERLARI,1970-01-01 00:01:38,2
ESP32_001,100000,0.2909554333070887,0.39803046802911435,146.5438462688621,BERLARI,1970-01-01 00:01:40,2
ESP32_001,102000,0.33103904239898974,0.5318521004798874,138.56693128056148,BERLARI,1970-01-01 00:01:42,2
ESP32_001,104000,0.25486140279382963,0.3462415203550825,130.6426000661332,BERLARI,1970-01-01 00:01:44,2
ESP32_001,106000,0.1894034511403992,0.43018003253889503,132.30817234946275,BERLARI,1970-01-01 00:01:46,2
ESP32_001,108000,0.4187667897874845,0.3901379574822188,149.81702296853754,BERLARI,1970-01-01 00:01:48,2
ESP32_001,110000,0.26744358063244517,0.5072278965384289,145.63429426301755,BERLARI,1970-01-01 00:01:50,2
ESP32_001,112000,0.34498883381382117,0.4799647422205836,153.7054702139627,BERLARI,1970-01-01 00:01:52,2
ESP32_001,114000,0.2275630872205298,0.3109989828817057,133.35226841053344,BERLARI,1970-01-01 00:01:54,2
ESP32_001,116000,0.4266233291578324,0.411924591039727,132.0832656134296,BERLARI,1970-01-01 00:01:56,2
ESP32_001,118000,0.3501830348914803,0.46117569464784613,135.0507583079298,BERLARI,1970-01-01 00:01:58,2
ESP32_001,120000,0.3995109038418523,0.3481089174909932,128.8226079010231,BERLARI,1970-01-01 00:02:00,2
ESP32_001,122000,0.3694824163349075,0.4253076714929832,129.2710715256864,BERLARI,1970-01-01 00:02:02,2
ESP32_001,124000,0.29801384916020507,0.47313542466902575,131.43148704908273,BERLARI,1970-01-01 00:02:04,2
ESP32_001,126000,0.33028932779883613,0.48393688804745055,140.8980677669614,BERLARI,1970-01-01 00:02:06,2
ESP32_001,128000,0.34925691507457474,0.527834863464467,129.25489714173975,BERLARI,1970-01-01 00:02:08,2
ESP32_001,130000,0.37875806380377003,0.4936876986888752,105.8832951535775,BERLARI,1970-01-01 00:02:10,2
ESP32_001,132000,0.15904561038434617,0.19923676603062423,123.17352479134884,BERLARI,1970-01-01 00:02:12,2
ESP32_001,134000,0.272420502429226,0.2145373337095609,128.54342689811833,BERLARI,1970-01-01 00:02:14,2
ESP32_001,136000,0.41382750239166133,0.6856647436561955,106.29652554824372,BERLARI,1970-01-01 00:02:16,2
ESP32_001,138000,0.41758195006253596,0.5519902139528753,135.1026729698922,BERLARI,1970-01-01 00:02:18,2
ESP32_001,140000,0.224329483429927,0.3436965693428746,152.43930571251053,BERLARI,1970-01-01 00:02:20,2
ESP32_001,142000,0.3437415472753185,0.5698688813517043,161.35467770583358,BERLARI,1970-01-01 00:02:22,2
ESP32_001,144000,0.3894389166811567,0.5209534230262794,124.9672541747997,BERLARI,1970-01-01 00:02:24,2
ESP32_001,146000,0.4639596656997558,0.4713205764261731,140.9227224520115,BERLARI,1970-01-01 00:02:26,2
ESP32_001,148000,0.37327176460720046,0.48678634110984526,110.73841632045662,BERLARI,1970-01-01 00:02:28,2
ESP32_001,150000,0.3418975425038773,0.5363970630852738,146.67721873218088,BERLARI,1970-01-01 00:02:30,2
ESP32_001,152000,0.2876725808498639,0.6509131013404551,117.19132002090798,BERLARI,1970-01-01 00:02:32,2
ESP32_001,154000,0.33332254315676735,0.5126267736234068,118.61259114971821,BERLARI,1970-01-01 00:02:34,2
ESP32_001,156000,0.2720702523026905,0.4369975020466106,135.53230557018728,BERLARI,1970-01-01 00:02:36,2
ESP32_001,158000,0.2103434053712278,0.6005924511796417,130.9613689214619,BERLARI,1970-01-01 00:02:38,2
ESP32_001,160000,0.34841010917053505,0.42374807608534015,155.39323179610452,BERLARI,1970-01-01 00:02:40,2
ESP32_001,162000,0.3178563978446693,0.5199423985986767,141.03902477699407,BERLARI,1970-01-01 00:02:42,2
ESP32_001,164000,0.18492774780164362,0.6948342644789813,134.43155156946676,BERLARI,1970-01-01 00:02:44,2
ESP32_001,166000,0.2234258589323098,0.5047493468251643,143.59047293629152,BERLARI,1970-01-01 00:02:46,2
ESP32_001,168000,0.3681627583091911,0.5307403569719689,127.84045129665924,BERLARI,1970-01-01 00:02:48,2
ESP32_001,170000,0.5178351471305944,0.5223270835920261,136.6240601747075,BERLARI,1970-01-01 00:02:50,2
ESP32_001,172000,0.42955579004071254,0.5295279940620868,126.99781539658123,BERLARI,1970-01-01 00:02:52,2
ESP32_001,174000,0.365833333387366,0.3567328710260347,144.8391030316228,BERLARI,1970-01-01 00:02:54,2
ESP32_001,176000,0.3759472168011894,0.409932861748752,140.84766284453994,BERLARI,1970-01-01 00:02:56,2
ESP32_001,178000,0.43575438921694376,0.5846882103884914,145.5140300062948,BERLARI,1970-01-01 00:02:58,2
ESP32_001,180000,0.2965323844122558,0.5200459631413729,130.7898068390823,BERLARI,1970-01-01 00:03:00,2
ESP32_001,182000,0.1725321791959135,0.5945869643684145,124.86811155380315,BERLARI,1970-01-01 00:03:02,2
ESP32_001,184000,0.3581987713726566,0.5226684248494597,149.08130731958934,BERLARI,1970-01-01 00:03:04,2
ESP32_001,186000,0.3281964222910552,0.5223153054747697,125.86373676229272,BERLARI,1970-01-01 00:03:06,2
ESP32_001,188000,0.2797389397741227,0.4505034519631927,150.21181813425568,BERLARI,1970-01-01 00:03:08,2
ESP32_001,190000,0.37309824024078686,0.5662051834758474,148.95406293041984,BERLARI,1970-01-01 00:03:10,2
ESP32_001,192000,0.3035986933877052,0.5107444374340893,150.53982701780347,BERLARI,1970-01-01 00:03:12,2
ESP32_001,194000,0.39353762818722776,0.575656467491314,138.4296394415368,BERLARI,1970-01-01 00:03:14,2
ESP32_001,196000,0.28238768332590725,0.5420699631018479,139.74505182465646,BERLARI,1970-01-01 00:03:16,2
ESP32_001,198000,0.27339448359878304,0.6677377087805489,120.66972718689253,BERLARI,1970-01-01 00:03:18,2
ESP32_001,200000,0.273297723505058,0.47859323022721384,142.89315811380447,BERLARI,1970-01-01 00:03:20,2
ESP32_001,202000,0.3444374171006184,0.4064403701237574,139.1286470587616,BERLARI,1970-01-01 00:03:22,2
ESP32_001,204000,0.3778673391396901,0.5496400117733942,118.34557739453038,BERLARI,1970-01-01 00:03:24,2
ESP32_001,206000,0.4111088281306738,0.5945211534611483,127.34894949508843,BERLARI,1970-01-01 00:03:26,2
ESP32_001,208000,0.3673346495171429,0.3959806280184102,139.44254267930089,BERLARI,1970-01-01 00:03:28,2
ESP32_001,210000,0.39674513331482475,0.47689305225423195,123.40611931955499,BERLARI,1970-01-01 00:03:30,2
ESP32_001,212000,0.34364892604754377,0.44623542422201834,124.24400809689526,BERLARI,1970-01-01 00:03:32,2
ESP32_001,214000,0.36754418697603486,0.3770816402199584,131.4098187308708,BERLARI,1970-01-01 00:03:34,2
ESP32_001,216000,0.41471354155141754,0.3823037887230032,137.51364100377327,BERLARI,1970-01-01 00:03:36,2
ESP32_001,218000,0.27123727596144254,0.6193112945851028,122.04189062662215,BERLARI,1970-01-01 00:03:38,2
ESP32_001,220000,0.3009129915709764,0.499188679838825,140.06136089101045,BERLARI,1970-01-01 00:03:40,2
ESP32_001,222000,0.45481535264647177,0.6311693449272662,140.87105442091593,BERLARI,1970-01-01 00:03:42,2
ESP32_001,224000,0.4049082844011626,0.644194500580189,148.75233090016098,BERLARI,1970-01-01 00:03:44,2
ESP32_001,226000,0.12299948468820965,0.6726226545635633,150.1382310304262,BERLARI,1970-01-01 00:03:46,2
ESP32_001,228000,0.29662487321779957,0.3455062653323241,126.84923216168454,BERLARI,1970-01-01 00:03:48,2
ESP32_001,230000,0.11685952081464468,0.2167674075015859,151.66829235555315,BERLARI,1970-01-01 00:03:50,2
ESP32_001,232000,0.40098597464184577,0.33832866250519855,135.54676657370277,BERLARI,1970-01-01 00:03:52,2
ESP32_001,234000,0.3998725710623932,0.4058977299333621,131.60138353265722,BERLARI,1970-01-01 00:03:54,2
ESP32_001,236000,0.30475389057008073,0.4358333179869618,142.82767381932277,BERLARI,1970-01-01 00:03:56,2
ESP32_001,238000,0.21949319116663413,0.40373489880810237,138.01579977885723,BERLARI,1970-01-01 00:03:58,2
ESP32_001,240000,0.33149592456562404,0.3962933926430004,117.67674885396282,BERLARI,1970-01-01 00:04:00,2
ESP32_001,242000,0.31136721284315855,0.5526897923665793,150.27084195514283,BERLARI,1970-01-01 00:04:02,2
ESP32_001,244000,0.360105135958656,0.5666269672043523,151.883216950701,BERLARI,1970-01-01 00:04:04,2
ESP32_001,246000,0.31127052043321457,0.5592530307317761,134.54528301939803,BERLARI,1970-01-01 00:04:06,2
ESP32_001,248000,0.5410697594296351,0.6007157200596669,134.02899194804775,BERLARI,1970-01-01 00:04:08,2
ESP32_001,250000,0.0963659411297555,0.5019344070811754,140.6808889885496,BERLARI,1970-01-01 00:04:10,2
ESP32_001,252000,0.3732757891471588,0.3634978204573365,135.0194283762833,BERLARI,1970-01-01 00:04:12,2
ESP32_001,254000,0.38318183126310323,0.39138737008185903,131.92463010898112,BERLARI,1970-01-01 00:04:14,2
ESP32_001,256000,0.33112667765503007,0.35027423548213554,119.76001683127349,BERLARI,1970-01-01 00:04:16,2
ESP32_001,258000,0.4035072104436974,0.5249548189598077,144.5604231248489,BERLARI,1970-01-01 00:04:18,2
ESP32_001,260000,0.3512146354032346,0.26796844017695765,121.85675377388634,BERLARI,1970-01-01 00:04:20,2
ESP32_001,262000,0.0958636949443199,0.4021500454133394,127.19208207157939,BERLARI,1970-01-01 00:04:22,2
ESP32_001,264000,0.18277576809174745,0.48853591644936073,140.83421749874327,BERLARI,1970-01-01 00:04:24,2
ESP32_001,266000,0.1940502595742061,0.4942604634925964,115.84927237711064,BERLARI,1970-01-01 00:04:26,2
ESP32_001,268000,0.29087770735814134,0.5756488354316098,138.68814740049564,BERLARI,1970-01-01 00:04:28,2
ESP32_001,270000,0.33017980654082324,0.47204925367034667,134.83081240911994,BERLARI,1970-01-01 00:04:30,2
ESP32_001,272000,0.34498814223025426,0.5923508616047368,142.0542706576528,BERLARI,1970-01-01 00:04:32,2
ESP32_001,274000,0.3995791027762295,0.4241234742064625,135.9083392800611,BERLARI,1970-01-01 00:04:34,2
ESP32_001,276000,0.4048471797038733,0.282178868026857,103.50219532351066,BERLARI,1970-01-01 00:04:36,2
ESP32_001,278000,0.5539207766974178,0.7343654052812625,133.3016909595966,BERLARI,1970-01-01 00:04:38,2
ESP32_001,280000,0.3119363644796079,0.49241285493149767,136.76322358064024,BERLARI,1970-01-01 00:04:40,2
ESP32_001,282000,0.3082294743984006,0.5232868087426898,140.18660028911106,BERLARI,1970-01-01 00:04:42,2
ESP32_001,284000,0.2954895811944341,0.41476132339258964,125.7387365112855,BERLARI,1970-01-01 00:04:44,2
ESP32_001,286000,0.4787616532620778,0.37807155334778064,134.8818622961954,BERLARI,1970-01-01 00:04:46,2
ESP32_001,288000,0.21491958495451996,0.46081232346131334,142.7342218997435,BERLARI,1970-01-01 00:04:48,2
ESP32_001,290000,0.42425965530754595,0.41764650293741507,136.89569174701742,BERLARI,1970-01-01 00:04:50,2
ESP32_001,292000,0.24824647991098214,0.6351114089986716,142.04870039767215,BERLARI,1970-01-01 00:04:52,2
ESP32_001,294000,0.46313498306648715,0.523855495377374,108.70495378601663,BERLARI,1970-01-01 00:04:54,2
ESP32_001,296000,0.4727585681435612,0.5003147726906326,142.04714896157012,BERLARI,1970-01-01 00:04:56,2
ESP32_001,298000,0.33354977170854017,0.6040061819902576,140.21403175309567,BERLARI,1970-01-01 00:04:58,2
ESP32_001,300000,0.3692164675156978,0.5326855400610437,134.38172485770426,BERLARI,1970-01-01 00:05:00,2
ESP32_001,302000,0.3902472294898997,0.5309047443032654,148.43093901076915,BERLARI,1970-01-01 00:05:02,2
ESP32_001,304000,0.3264435393929573,0.39915512674526504,151.54163552953804,BERLARI,1970-01-01 00:05:04,2
ESP32_001,306000,0.35926596697815566,0.5887079776446287,154.62957367362978,BERLARI,1970-01-01 00:05:06,2
ESP32_001,308000,0.3323166029170359,0.29006437355809744,127.11152935206331,BERLARI,1970-01-01 00:05:08,2
ESP32_001,310000,0.346082797531324,0.41519344019694915,131.03891769958275,BERLARI,1970-01-01 00:05:10,2
ESP32_001,312000,0.4086263265457396,0.4265766678028962,135.10540385877778,BERLARI,1970-01-01 00:05:12,2
ESP32_001,314000,0.33098533464312124,0.704217791053473,126.17859839130494,BERLARI,1970-01-01 00:05:14,2
ESP32_001,316000,0.3351260415240983,0.39680337161528206,120.16637044763445,BERLARI,1970-01-01 00:05:16,2
ESP32_001,318000,0.4503470688605872,0.7394361900582451,139.5980182771068,BERLARI,1970-01-01 00:05:18,2
ESP32_001,320000,0.3899276652910199,0.5828058814893309,148.462338057531,BERLARI,1970-01-01 00:05:20,2
ESP32_001,322000,0.3350656830149244,0.4728685021931702,135.23349906622659,BERLARI,1970-01-01 00:05:22,2
ESP32_001,324000,0.338919020431422,0.4664755918131973,135.37675038639333,BERLARI,1970-01-01 00:05:24,2
ESP32_001,326000,0.4786062645119608,0.478033054764904,136.20949287173767,BERLARI,1970-01-01 00:05:26,2
ESP32_001,328000,0.35330299644699514,0.4006410484405964,146.47554002509617,BERLARI,1970-01-01 00:05:28,2
ESP32_001,330000,0.5359738644682255,0.4286415330092824,155.4492249367094,BERLARI,1970-01-01 00:05:30,2
ESP32_001,332000,0.34079122448614085,0.4233135961995448,137.97990171019057,BERLARI,1970-01-01 00:05:32,2
ESP32_001,334000,0.3562494188188813,0.5046079221633152,165.47257947339435,BERLARI,1970-01-01 00:05:34,2
ESP32_001,336000,0.34680844929986304,0.6673363946152524,118.43281552920419,BERLARI,1970-01-01 00:05:36,2
ESP32_001,338000,0.31510756467940115,0.4316365717713612,136.17392609649508,BERLARI,1970-01-01 00:05:38,2
ESP32_001,340000,0.38488046201780635,0.3417776833253522,126.69179070919446,BERLARI,1970-01-01 00:05:40,2
ESP32_001,342000,0.29727685800890835,0.4592539892708398,132.46338924218438,BERLARI,1970-01-01 00:05:42,2
ESP32_001,344000,0.40972890916817256,0.5518101702029976,136.64822975288442,BERLARI,1970-01-01 00:05:44,2
ESP32_001,346000,0.5834538844048074,0.2925359962453632,146.68346699313418,BERLARI,1970-01-01 00:05:46,2
ESP32_001,348000,0.30971443048738256,0.5309894779380635,141.59619823548312,BERLARI,1970-01-01 00:05:48,2
ESP32_001,350000,0.494114407941319,0.5015697795957759,139.4101249264872,BERLARI,1970-01-01 00:05:50,2
ESP32_001,352000,0.4332344714115871,0.4082023895389264,141.6722651621075,BERLARI,1970-01-01 00:05:52,2
ESP32_001,354000,0.3026972168958484,0.46631048732148617,128.8780702361974,BERLARI,1970-01-01 00:05:54,2
ESP32_001,356000,0.3619564871730647,0.6159839966388344,136.28603898311516,BERLARI,1970-01-01 00:05:56,2
ESP32_001,358000,0.2637189806908322,0.5504287853384272,120.61258322407349,BERLARI,1970-01-01 00:05:58,2
ESP32_001,360000,0.4927820031348076,0.7935657902327778,142.20255558893132,BERLARI,1970-01-01 00:06:00,2
ESP32_001,362000,0.42663456441725467,0.47430548748782186,149.43091806270274,BERLARI,1970-01-01 00:06:02,2
ESP32_001,364000,0.3643931495637133,0.5750872779401333,127.8021357201618,BERLARI,1970-01-01 00:06:04,2
ESP32_001,366000,0.22529704039809265,0.4461426326703376,121.39403571832375,BERLARI,1970-01-01 00:06:06,2
ESP32_001,368000,0.31700167904896503,0.625254073102923,149.2930302572817,BERLARI,1970-01-01 00:06:08,2
ESP32_001,370000,0.2845115978671937,0.5724136559314498,143.38703622096946,BERLARI,1970-01-01 00:06:10,2
ESP32_001,372000,0.3172159004965173,0.42241251768335164,147.32273541909498,BERLARI,1970-01-01 00:06:12,2
ESP32_001,374000,0.39796620329962845,0.636337651353834,140.48025612876478,BERLARI,1970-01-01 00:06:14,2
ESP32_001,376000,0.230307294946828,0.5079573534942166,132.4959795453544,BERLARI,1970-01-01 00:06:16,2
ESP32_001,378000,0.3249865243414114,0.6082112312993141,123.25510996428281,BERLARI,1970-01-01 00:06:18,2
ESP32_001,380000,0.328207198671705,0.4343310654372587,132.67553544234045,BERLARI,1970-01-01 00:06:20,2
ESP32_001,382000,0.3932230355228556,0.5210303040221995,137.61362807698472,BERLARI,1970-01-01 00:06:22,2
ESP32_001,384000,0.3880470748742866,0.5256170605694278,128.8495906722414,BERLARI,1970-01-01 00:06:24,2
ESP32_001,386000,0.28587779279163666,0.5427814395152903,155.09831607496878,BERLARI,1970-01-01 00:06:26,2
ESP32_001,388000,0.32801581561978493,0.5613770855789909,128.52490535115442,BERLARI,1970-01-01 00:06:28,2
ESP32_001,390000,0.421592844482146,0.4725154699330208,123.86936003025926,BERLARI,1970-01-01 00:06:30,2
ESP32_001,392000,0.33478073244694273,0.4511113880956309,121.84535610157722,BERLARI,1970-01-01 00:06:32,2
ESP32_001,394000,0.34457028946404145,0.2750567545799236,127.56273446095346,BERLARI,1970-01-01 00:06:34,2
ESP32_001,396000,0.2772984263353621,0.6351015752487,126.60702551852054,BERLARI,1970-01-01 00:06:36,2
ESP32_001,398000,0.36293588213638023,0.5803154742614022,138.73789030557347,BERLARI,1970-01-01 00:06:38,2
